"Name","Gross Export","Share","Code","Sector"
"Horses","527088","0.0010277806886105354","0101","Agriculture"
"Bovine","124141","0.00024206531445375434","0102","Agriculture"
"Swine","11701","0.000022816041794599526","0103","Agriculture"
"Sheep","2387499","0.004655437737677513","0104","Agriculture"
"Fowl","413854","0.0008069831775798815","0105","Agriculture"
"Other live animals","17482246","0.03408902276723959","0106","Agriculture"
"Beef","921962","0.0017977543393754866","0201","Agriculture"
"Beef (frozen)","302103","0.0005890774014420904","0202","Agriculture"
"Pork","815756","0.001590660882847221","0203","Agriculture"
"Lamb","237098","0.0004623226969845277","0204","Agriculture"
"Edible offal","79353","0.0001547321907979537","0206","Agriculture"
"Poultry","1707212","0.0033289308900300695","0207","Agriculture"
"Other meat","634320","0.0012368747655029802","0208","Agriculture"
"Preserved meat","39850","0.00007770440693229563","0210","Agriculture"
"Live Fish","6290758","0.01226648982546033","0301","Agriculture"
"Fish, excluding fillets","46338824","0.09035711008431686","0302","Agriculture"
"Frozen fish, excluding fillets","867774","0.0016920919453266223","0303","Agriculture"
"Fish fillets","399829","0.0007796355161689542","0304","Agriculture"
"Preserved fish","1026216","0.0020010415474136186","0305","Agriculture"
"Crustaceans","406711","0.0007930548820035354","0306","Agriculture"
"Molluscs","3375269","0.006581512569183501","0307","Agriculture"
"Milk","10080681","0.019656545510129506","0401","Agriculture"
"Milk, concentrated","15576929","0.030373802503675704","0402","Agriculture"
"Fermented milk products","398194","0.0007764473930739906","0403","Agriculture"
"Whey","632977","0.001234256019743631","0404","Agriculture"
"Butter","3003515","0.005856621123895957","0405","Agriculture"
"Cheese","348526240","0.6795991161742265","0406","Agriculture"
"Eggs, in shell","41656","0.0000812259667546225","0407","Agriculture"
"Egg yolks","3200518","0.00624076168296454","0408","Agriculture"
"Honey","3832221","0.007472533501593196","0409","Agriculture"
"Edible animal products, n.e.c.","95412","0.0001860459943343586","0410","Agriculture"
"Brushmaking hair","4489","0.000008753201573878922","0502","Agriculture"
"Animal guts, except fish","31581262","0.06158100963321065","0504","Agriculture"
"Feathers and down","45322","0.00008837438220791726","0505","Agriculture"
"Bones, simply prepared","995199","0.0019405608048836556","0506","Agriculture"
"Whalebone & horns","505659","0.0009859958018814973","0507","Agriculture"
"Coral and shells","176665","0.0003444830376585698","0508","Agriculture"
"Animal products used in pharmaceuticals","39945","0.0000778896495586085","0510","Agriculture"
"Animal products n.e.c.","30176","0.00005884085780649819","0511","Agriculture"
"Flower bulbs","26061562","0.05081802305995615","0601","Agriculture"
"Other live plants","9603198","0.018725490721290025","0602","Agriculture"
"Cut flowers","34832788","0.06792123295704852","0603","Agriculture"
"Other parts of plants","770637","0.0015026823348828985","0604","Agriculture"
"Potatoes","322017920","0.6279099496906253","0701","Agriculture"
"Tomatoes","69086000","0.13471233769948748","0702","Agriculture"
"Onions, shallots, garlic","177299248","0.34571977202966125","0703","Agriculture"
"Cabbages, cauliflowers, broccoli","2654377","0.005175829123205172","0704","Agriculture"
"Lettuce","7014847","0.013678407173294684","0705","Agriculture"
"Carrots & turnips","1914743","0.003733600231938884","0706","Agriculture"
"Cucumbers","1361252","0.002654335742670045","0707","Agriculture"
"Legumes","66291984","0.12926422336474858","0708","Agriculture"
"Other vegetables","35626592","0.0694690891437608","0709","Agriculture"
"Frozen vegetables","116276280","0.22672972089569757","0710","Agriculture"
"Vegetables, provisionally preserved","32683314","0.06372992549440387","0711","Agriculture"
"Vegetables, dried","48575212","0.09471789310089158","0712","Agriculture"
"Legumes, dried","242134192","0.4721428804865897","0713","Agriculture"
"Tubers","15148453","0.029538307561022697","0714","Agriculture"
"Cashew nuts & coconuts","319421","0.0006228461572577365","0801","Agriculture"
"Other nuts","2911907","0.005677992634303642","0802","Agriculture"
"Bananas and plantains","8334806","0.01625222477103486","0803","Agriculture"
"Avocados, pineapples, mangos, etc.","67564408","0.13174535140204893","0804","Agriculture"
"Citrus fruit","470675200","0.917780107245662","0805","Agriculture"
"Grapes","170268112","0.3320096025706823","0806","Agriculture"
"Melons and papayas","14458201","0.028192369736836222","0807","Agriculture"
"Apples & pears","1008424","0.0019663485283887903","0808","Agriculture"
"Peaches & cherries","18340134","0.035761837779895375","0809","Agriculture"
"Other fresh fruit","153983936","0.3002567233119339","0810","Agriculture"
"Fruits and nuts, frozen","48200044","0.09398634462059108","0811","Agriculture"
"Fruits and nuts, provisionally preserved","1685471","0.003286537627517773","0812","Agriculture"
"Fruits, dried","5021541","0.009791615189239817","0813","Agriculture"
"Peel of citrus fruit or melons","632582","0.0012334858004026457","0814","Agriculture"
"Coffee","700424","0.0013657724346586256","0901","Agriculture"
"Tea","21705246","0.04232354498744245","0902","Agriculture"
"Mate","5036","0.000009819809116964637","0903","Agriculture"
"Pepper","2474323","0.004824737798593187","0904","Agriculture"
"Vanilla","5620","0.00001095856378819326","0905","Agriculture"
"Cinnamon","281808","0.0005495037266945136","0906","Agriculture"
"Cloves","43337","0.00008450378627916928","0907","Agriculture"
"Nutmeg","130594","0.0002546481635863542","0908","Agriculture"
"Anise, fennel, etc.","20883740","0.04072167205089735","0909","Agriculture"
"Spices","6828308","0.013314670602033868","0910","Agriculture"
"Wheat and meslin","240485","0.0004689270840931773","1001","Agriculture"
"Barley","19574","0.00003816778070998129","1003","Agriculture"
"Corn","1348095","0.0026286806138869027","1005","Agriculture"
"Rice","37792864","0.07369315140258234","1006","Agriculture"
"Grain sorghum","129650","0.0002528074368575189","1007","Agriculture"
"Other cereals","2997684","0.0058452511264851115","1008","Agriculture"
"Wheat or meslin flour","65693688","0.12809759260314343","1101","Agriculture"
"Cereal flours","514100","0.001002455096709992","1102","Agriculture"
"Cereal meals","1121997","0.0021878070631070235","1103","Agriculture"
"Worked cereal grains","1743915","0.0034004988912254537","1104","Agriculture"
"Potato flour","8299427","0.016183238467073563","1105","Agriculture"
"Flour of dried legumes","1047797","0.0020431228223447566","1106","Agriculture"
"Malt","4972919","0.009696806063170506","1107","Agriculture"
"Starches","6278772","0.012243118055786791","1108","Agriculture"
"Wheat gluten","100226","0.00019543292068246575","1109","Agriculture"
"Soya beans","478068","0.0009321954934330918","1201","Agriculture"
"Peanuts","38652592","0.07536955427242144","1202","Agriculture"
"Copra","13736876","0.026785841974466384","1203","Agriculture"
"Linseed","309998","0.0006044720386498815","1204","Agriculture"
"Rape or colza seeds","82931","0.00016170901308161127","1205","Agriculture"
"Sunflower seeds","2655640","0.005178291875173942","1206","Agriculture"
"Other oil seeds","16598934","0.032366632927937705","1207","Agriculture"
"Flours of oil seeds","4846738","0.00945076290705698","1208","Agriculture"
"Seeds used for sowing","52426580","0.10222776176633755","1209","Agriculture"
"Hop cones","15088","0.000029420428903249095","1210","Agriculture"
"Plants used in perfumery, pharmacy or insecticide","78558912","0.15318378083328488","1211","Agriculture"
"Seaweeds & edible vegetable products","31131978","0.06070494070562798","1212","Agriculture"
"Cereal straw and husks","200182","0.00039033936232172657","1213","Agriculture"
"Forage products","15663673","0.030542946570800797","1214","Agriculture"
"Lac","2161821","0.004215383154298175","1301","Agriculture"
"Vegetable saps and extracts","51283208","0.09999827511231012","1302","Agriculture"
"Vegetable materials used for plaiting","213714","0.000416725711998209","1401","Agriculture"
"Vegetable products n.e.c.","2287771","0.004460975878341403","1404","Agriculture"
"Pig and poultry fat, rendered","282094","0.0005500614044958344","1501","Agriculture"
"Fish oils","339643","0.0006622774876714099","1504","Agriculture"
"Wool grease","485878","0.0009474243872383923","1505","Agriculture"
"Other animal fats and oils","85045","0.00016583114899766828","1506","Agriculture"
"Soybean oil","76069136","0.14832891088411893","1507","Agriculture"
"Peanut oil","170596","0.0003326489587207504","1508","Agriculture"
"Olive oil","4262962","0.008312445018441979","1509","Agriculture"
"Olive oil, blended","516949","0.001008010425576996","1510","Agriculture"
"Palm oil","12165177","0.02372115091622091","1511","Agriculture"
"Sunflower seed oil","32361706","0.06310281485689619","1512","Agriculture"
"Coconut & palm kernel oil","352845","0.0006880203629617529","1513","Agriculture"
"Rapeseed, colza or mustard oil,","379686","0.000740358229623478","1514","Agriculture"
"Other vegetable fats and oils","38884092","0.07582096130391018","1515","Agriculture"
"Vegetable fats, hydrogenated","11885157","0.023175133650745843","1516","Agriculture"
"Margarine","3511667","0.006847478082276381","1517","Agriculture"
"Animal or vegetable fats and oils, processed","2417777","0.004714477487566999","1518","Agriculture"
"Stearic acid","7412944","0.0144546654238976","1519","Agriculture"
"Glycerol","247273","0.00048216315722382773","1520","Agriculture"
"Vegetable waxes and beeswax","280458","0.0005468713314784885","1521","Agriculture"
"Degras and wax residues","138738","0.00027052833146732323","1522","Agriculture"
"Sausages","261645","0.0005101874417013924","1601","Agriculture"
"Other prepared or preserved meat","5867736","0.011441629759480066","1602","Agriculture"
"Prepared or preserved fish","1312107","0.0025585068071948213","1604","Agriculture"
"Prepared aquatic invertibrates","3181381","0.006203446018335599","1605","Agriculture"
"Sugarcane & sucrose","124220712","0.24222074666668753","1701","Agriculture"
"Other sugars","6687185","0.013039491705684901","1702","Agriculture"
"Molasses","48462196","0.09449752067294026","1703","Agriculture"
"Confectionery sugar","60673560","0.11830873265422973","1704","Agriculture"
"Cocoa beans","149121","0.00029077437556212935","1801","Agriculture"
"Cocoa paste","20360","0.00003970041970242256","1803","Agriculture"
"Cocoa butter","3015","0.000005879015982455992","1804","Agriculture"
"Cocoa powder","247470","0.0004825472919331292","1805","Agriculture"
"Chocolates","122386184","0.2386435594586401","1806","Agriculture"
"Malt extract","3328126","0.006489587378317523","1901","Agriculture"
"Pasta","59397852","0.1158212010718261","1902","Agriculture"
"Tapioca","46135","0.00008995966910467901","1903","Agriculture"
"Cereal foods","10291948","0.02006849976205837","1904","Agriculture"
"Bakery products","51957364","0.10131282698583205","1905","Agriculture"
"Pickled fruits and vegetables","33544994","0.06541013461273312","2001","Agriculture"
"Tomatoes, prepared or preserved","16725213","0.032612867176444696","2002","Agriculture"
"Mushrooms, prepared or preserved","3963","0.000007727542400820265","2003","Agriculture"
"Other vegetables, frozen","55259708","0.10775214146529064","2004","Agriculture"
"Other vegetables, prepared or preserved","98604848","0.19227180011265135","2005","Agriculture"
"Vegetables, fruits and nuts, preserved by sugar","345692","0.0006740725681615845","2006","Agriculture"
"Jams, jellies and marmalades","39660752","0.07733538802130133","2007","Agriculture"
"Fruits and nuts, otherwise prepared","23110100","0.04506290124582297","2008","Agriculture"
"Fruit juices","106701016","0.20805869930623305","2009","Agriculture"
"Coffee extracts","14625681","0.028518942737413917","2101","Agriculture"
"Yeasts","35251056","0.06873682309202363","2102","Agriculture"
"Sauces and seasonings","37124328","0.0723895580928486","2103","Agriculture"
"Soups and broths","33786692","0.06588142695267596","2104","Agriculture"
"Ice cream","1302727","0.0025402165352494026","2105","Agriculture"
"Food preparations n.e.c.","121404352","0.23672906326623988","2106","Agriculture"
"Waters","4811920","0.009382870509552119","2201","Agriculture"
"Waters, flavored or sweetened","19193946","0.03742670490892115","2202","Agriculture"
"Beer","1854100","0.003615351088912655","2203","Agriculture"
"Wine","90262","0.00017600389406581852","2204","Agriculture"
"Wine, flavored","3769","0.000007349257458665551","2205","Agriculture"
"Other fermented beverages","24265","0.00004731486660507286","2206","Agriculture"
"Ethyl alcohol > 80%","10971173","0.021392935792135876","2207","Agriculture"
"Spirits < 80% alcohol","58538","0.00011414455641161158","2208","Agriculture"
"Vinegars","112498","0.0002193623681573248","2209","Agriculture"
"Flours of fish, for animal feed","18351","0.0000357830256365008","2301","Agriculture"
"Cereal residues","7233954","0.014105648816700319","2302","Agriculture"
"Starch residues","103535288","0.20188577542294664","2303","Agriculture"
"Solid soybean residues","98869","0.00019278687600976502","2304","Agriculture"
"Solid peanut residues","62407","0.00012168880610850122","2305","Agriculture"
"Solid vegetable oil and fat residues","276007","0.0005381922269551348","2306","Agriculture"
"Vegetable materials for animal feeding","9252483","0.018041623693002447","2308","Agriculture"
"Animal feed","2731376","0.00532597119671533","2309","Agriculture"
"Unmanufactured tobacco","6423999","0.012526299433592476","2401","Agriculture"
"Cigars and cigarettes","3099166","0.0060431331496796714","2402","Agriculture"
"Other manufactured tobacco","32009150","0.0624153580215029","2403","Agriculture"
"Salt","28130102","0.054851515504516515","2501","Minerals"
"Sulphur, crude","77113","0.00015036436466173432","2503","Minerals"
"Natural graphite","4529","0.000008831198469168553","2504","Minerals"
"Natural sands","30594642","0.059657177212444235","2505","Minerals"
"Quartz","3808363","0.007426012253397695","2506","Minerals"
"Kaolin","2958706","0.00576924705187013","2507","Minerals"
"Clays","8586871","0.016743731956314387","2508","Minerals"
"Chalk","244989","0.0004777095345027898","2509","Minerals"
"Natural calcium phosphates","195730896","0.38166005500644506","2510","Minerals"
"Natural barium sulfate","3764","0.000007339507846754347","2511","Minerals"
"Siliceous fossil meals and earths","4942","0.000009636516413034001","2512","Minerals"
"Natural abrasives","38842","0.00007573888517099691","2513","Minerals"
"Slate","15117","0.000029476976652334076","2514","Minerals"
"Marble","130592888","0.2546459952726651","2515","Minerals"
"Granite","6910920","0.013475757589875547","2516","Minerals"
"Gravel","1896534","0.0036980940952806613","2517","Minerals"
"Dolomite","67261","0.000131153729351898","2518","Minerals"
"Natural magnesia","41213","0.00008036215113928983","2519","Minerals"
"Gypsum","4309692","0.008403564891364089","2520","Minerals"
"Limstone","1629326","0.0031770592353668635","2521","Minerals"
"Quicklime","408162","0.0007958842193801668","2522","Minerals"
"Cements","99937784","0.19487092185314586","2523","Minerals"
"Asbestos","3305","0.000006444493473305822","2524","Minerals"
"Mica","167889","0.0003273705188320246","2525","Minerals"
"Natural steatite","2405202","0.004689957213610322","2526","Minerals"
"Natural borates","25276","0.0000492862381335183","2528","Minerals"
"Feldspar","116898","0.00022794202663918431","2529","Minerals"
"Mineral substances n.e.c.","1415492","0.0027600995326827853","2530","Minerals"
"Iron ores and concentrates","18804718","0.036667740519926335","2601","Minerals"
"Manganese > 47% by weight","9309564","0.018152927212503132","2602","Minerals"
"Copper ore","30891","0.00006023505230980035","2603","Minerals"
"Tin ore","345190","0.0006730937071256995","2609","Minerals"
"Chromium ore","2657","0.0000051809437696137885","2610","Minerals"
"Uranium ore","31044","0.000060533390434283196","2612","Minerals"
"Molybdenum ore","25621","0.000049958961355391376","2613","Minerals"
"Titanium ore","780618","0.0015221445101800438","2614","Minerals"
"Precious metal ores","227665","0.0004439290791528503","2616","Minerals"
"Other ores","57992","0.00011307989879090812","2617","Minerals"
"Granulated iron or steel slag","205574","0.0004008533438067689","2618","Minerals"
"Iron or steel slag","10251149","0.019988944878785327","2619","Minerals"
"Slag, ash and residues containing metals","1032664","0.002013614646934307","2620","Minerals"
"Other slag and ash","2483891","0.004843394655946466","2621","Minerals"
"Coal","45523744","0.08876776734900003","2701","Minerals"
"Lignite","29456226","0.0574373543737432","2702","Minerals"
"Peat","77668","0.00015144657158387795","2703","Minerals"
"Coke","15741928","0.030695537746823053","2704","Minerals"
"Non-petroleum gases","24705","0.00004817283245325881","2705","Minerals"
"Tar distilled from coal, lignite etc.","859808","0.0016765588636296922","2706","Minerals"
"Oils etc. from high temperature coal tar","18011770","0.03512155346677326","2707","Minerals"
"Pitch and pitch coke","1528679","0.002980805397361474","2708","Minerals"
"Petroleum oils, crude","5389069312","10.508266870915794","2709","Minerals"
"Petroleum oils, refined","2347323904","4.57709941877844","2710","Minerals"
"Petroleum gases","501181760","0.9772655313948337","2711","Minerals"
"Petroleum jelly","130295864","0.2540668215270025","2712","Minerals"
"Petroleum coke","13543505","0.0264087835334901","2713","Minerals"
"Bitumen and asphalt, natural","8635526","0.016838605429822313","2714","Minerals"
"Bituminous mixtures","242873","0.00047358349874196827","2715","Minerals"
"Electrical energy","65561708","0.1278402418471353","2716","Minerals"
"Iodine","442245","0.0008623434239340798","2801","Chemicals"
"Sulfur, sublimed or precipitated","468537","0.0009136107832079548","2802","Chemicals"
"Carbon","176699712","0.34455072336430215","2803","Chemicals"
"Silicon & rare gases","846020","0.0016496733338233563","2804","Chemicals"
"Rare-earth metals","172224","0.00033582343235903845","2805","Chemicals"
"Hydrochloric acid","2377793","0.004636511791035483","2806","Chemicals"
"Sulfiric acid, oleum","276150","0.0005384710658557951","2807","Chemicals"
"Sulfonitric acids","8331501","0.016245780277561555","2808","Chemicals"
"Phosphoric acid etc.","2837","0.000005531929798417131","2809","Chemicals"
"Oxides of boron; boric acids","12608","0.00002458462139529193","2810","Chemicals"
"Other inorganic acids","2620734","0.005110227884499444","2811","Chemicals"
"Sulfides of nonmetals","39453","0.00007693028774654603","2813","Chemicals"
"Ammonia","86142856","0.16797188298454563","2814","Chemicals"
"Sodium hydroxide","36835204","0.07182578873400561","2815","Chemicals"
"Hydroxides or peroxides of magnesium","32777","0.0000639126059227065","2816","Chemicals"
"Zinc oxide or peroxide","363387","0.0007085764447153353","2817","Chemicals"
"Aluminum oxide","154051","0.0003003874929065765","2818","Chemicals"
"Chromium oxides and hydroxides","103634","0.00020207825616114239","2819","Chemicals"
"Manganese oxides","259451","0.0005059093119947562","2820","Chemicals"
"Iron oxides and hydroxides","1124925","0.0021935164358422247","2821","Chemicals"
"Titanium oxides","20397","0.00003977256683056547","2823","Chemicals"
"Metal base oxides, n.e.c.","2725876","0.005315246623613006","2825","Chemicals"
"Flourides","212492","0.0004143429068471107","2826","Chemicals"
"Chlorides, bromides, iodides etc.","1024991","0.0019986528924953732","2827","Chemicals"
"Hyopchlorites","2806785","0.005473012893637726","2828","Chemicals"
"Sodium chlorate","211750","0.00041289606443948803","2829","Chemicals"
"Dithionites and sulfoxylates","675692","0.0013175469543010463","2831","Chemicals"
"Sulfites","454103","0.0008854656035426911","2832","Chemicals"
"Sulfates","3432178","0.006692480702034443","2833","Chemicals"
"Nitrites, nitrates","1252067","0.0024414334673650835","2834","Chemicals"
"Phosphates","6503268","0.01268086783091032","2835","Chemicals"
"Carbonates","32865232","0.06408465147433637","2836","Chemicals"
"Silicates","12124533","0.023641898270917117","2839","Chemicals"
"Borates","16009","0.00003121630741729286","2840","Chemicals"
"Salts of oxometallic acids","381130","0.0007431739175434337","2841","Chemicals"
"Uranium","102870","0.00020058851546111045","2844","Chemicals"
"Hydrogen peroxide","3840","0.000007487701947804647","2847","Chemicals"
"Phosphides","173266","0.00033785525148133334","2848","Chemicals"
"Carbides","4022","0.000007842587821372472","2849","Chemicals"
"Inorganic compounds, liquid or compressed air","89705","0.0001749177872989104","2851","Chemicals"
"Acyclic hydrocarbons","3748820","0.0073099080249919325","2901","Chemicals"
"Cyclic hydrocarbons","4485386","0.008746154554389506","2902","Chemicals"
"Halogenated derivatives of hydrocarbons","409668","0.0007988208024878214","2903","Chemicals"
"Sulfonated, nitrated derivatives of hydrocarbons","169728","0.0003309564260929654","2904","Chemicals"
"Acyclic alcohols","271375328","0.5291608260551367","2905","Chemicals"
"Cyclic alcohols","32065","0.00006252426118655105","2906","Chemicals"
"Phenols, phenol-alcohols","50434","0.00009834238542593218","2907","Chemicals"
"Derivatives of phenols","115759","0.00022572106504581204","2908","Chemicals"
"Ethers","510665","0.0009957571133269948","2909","Chemicals"
"Epoxides","62569","0.0001220046935344242","2910","Chemicals"
"Aldehydes","8239214","0.016065827790671696","2912","Chemicals"
"Ketones and quinones","836560","0.0016312270680873585","2914","Chemicals"
"Saturated acyclic monocarboxylic acids","253132","0.0004935877524613766","2915","Chemicals"
"Unsaturated acyclic monocarboxylic acids","339940","0.0006628566146189354","2916","Chemicals"
"Polycarboxylic acids","122400","0.00023867049958627314","2917","Chemicals"
"Carboxylic acids with additional oxygen function","69758","0.0001360226855403533","2918","Chemicals"
"Phosporic esters","185926","0.0003625412688405018","2919","Chemicals"
"Esters of other inorganic acids of nonmetals","100651","0.0001962616376949181","2920","Chemicals"
"Amine-function compounds","2677","0.000005219942217258604","2921","Chemicals"
"Oxygen-function amino-compounds","1506922","0.002938380936091061","2922","Chemicals"
"Quaternary ammonium salts and hydroxides","139200","0.0002714291956079185","2923","Chemicals"
"Carboxyamide-function compounds","173191","0.0003377090073026653","2924","Chemicals"
"Diazo-, azo-, or azoxy-compounds","4051","0.000007899135570457455","2927","Chemicals"
"Organix derivatives of hydrazine","5494","0.00001071287356803092","2928","Chemicals"
"Isocyanates","1562109","0.003045991302599784","2929","Chemicals"
"Organo-sulfur compounds","19573","0.00003816583078759905","2930","Chemicals"
"Other organo-inorganic compounds","179816","0.00035062724308501056","2931","Chemicals"
"Heterocyclic compounds with oxygen hetero-atom(s) only","11368","0.000022166717641313343","2932","Chemicals"
"Heterocyclic compounds with nitrogen hetero-atom(s) only","1868230","0.003642903492173718","2933","Chemicals"
"Nucleic acids and their salts","215414","0.00042004058004801835","2934","Chemicals"
"Sulfonamides","202270","0.0003944108002558453","2935","Chemicals"
"Vitamins","454522","0.00088628262102085","2936","Chemicals"
"Glycosides","1693","0.0000033012185931336633","2938","Chemicals"
"Vegetable alkaloids","59446","0.00011591508593468621","2939","Chemicals"
"Other sugars, chemically pure","18464","0.00003600336686569401","2940","Chemicals"
"Antibiotics","29027","0.00005660039698930352","2941","Chemicals"
"Other organic compounds","123985","0.0002417611265621248","2942","Chemicals"
"Heparin for therapeutic use","37830","0.00007376556372016923","3001","Chemicals"
"Serums and vaccines","1676888","0.003269801443711","3002","Chemicals"
"Medicaments, not packaged","62642196","0.12214742005311471","3003","Chemicals"
"Medicaments, packaged","251616464","0.4906325748938849","3004","Chemicals"
"Wadding, gauze and bandages","48014956","0.0936254373867069","3005","Chemicals"
"Pharmaceutical goods","1057954","0.0020629281839811765","3006","Chemicals"
"Animal or vegetable fertilizers","114960","0.00022416307706240161","3101","Chemicals"
"Nitrogenous fertilizers","597862016","1.1657845264900035","3102","Chemicals"
"Phosphatic fertilizers","107376056","0.20937497491114085","3103","Chemicals"
"Potassic fertilizers","13184301","0.02570836361409968","3104","Chemicals"
"Mixed fertilizers","25728200","0.050167993034767586","3105","Chemicals"
"Vegetable tanning extracts","39436","0.00007689713906604794","3201","Chemicals"
"Synthetic tanning substances","18830","0.00003671703845759414","3202","Chemicals"
"Coloring matter of animal or vegetable origin","332848","0.0006490277650840837","3203","Chemicals"
"Synthetic organic coloring matter","3772259","0.007355612255709274","3204","Chemicals"
"Color lakes","25096","0.000048935252104714964","3205","Chemicals"
"Other coloring matter","5395982","0.010521746075968442","3206","Chemicals"
"Prepared pigments","5168546","0.010078263529041124","3207","Chemicals"
"Paints and varnishes, nonaqueous","86298800","0.1682759616805218","3208","Chemicals"
"Paints and varnishes, aqueous","12144858","0.023681530443336162","3209","Chemicals"
"Other paints and varnishes","6749194","0.013160404442685273","3210","Chemicals"
"Prepared driers","1719920","0.003353710503663586","3211","Chemicals"
"Pigments, nonaqueous","3318528","0.006470872023292776","3212","Chemicals"
"Artists' colors","706891","0.001378382582704577","3213","Chemicals"
"Glaziers' putty","7911808","0.01542741150319177","3214","Chemicals"
"Ink","4022379","0.007843326841955342","3215","Chemicals"
"Essential oils","30677570","0.0598188803757587","3301","Chemicals"
"Mixtures of odoriferous subtances","260345408","0.5076533381728113","3302","Chemicals"
"Perfumes","1407734","0.002744972034841361","3303","Chemicals"
"Make-up preparations","30422422","0.05932136157977473","3304","Chemicals"
"Hair products","61241848","0.11941685014498857","3305","Chemicals"
"Dental hygiene products","43640900","0.08509636769113225","3306","Chemicals"
"Toiletries","4665396","0.00909716008241667","3307","Chemicals"
"Soap","63903220","0.12460631897525754","3401","Chemicals"
"Cleaning products","147484016","0.28758238382115936","3402","Chemicals"
"Lubricants","28409994","0.055397283179926655","3403","Chemicals"
"Artificial and prepared waxes","321451","0.0006268044996936853","3404","Chemicals"
"Polishes and creams","1081075","0.002108012339380966","3405","Chemicals"
"Candles","215721","0.00042063920621936623","3406","Chemicals"
"Modeling pastes","2499","0.000004872856033219743","3407","Chemicals"
"Casein","144019","0.00028082587156793686","3501","Chemicals"
"Albumins","38128","0.00007434664059007698","3502","Chemicals"
"Gelatin","6379982","0.012440469700093383","3503","Chemicals"
"Dextrins and other modified starches","1185188","0.002311024608363202","3505","Chemicals"
"Glues and adhesives","54824752","0.10690401102560071","3506","Chemicals"
"Enzymes","3424","0.000006676534236792478","3507","Chemicals"
"Propellant powders","198469","0.0003869991452809481","3601","Chemicals"
"Matches","60240","0.0001174633243061854","3605","Chemicals"
"Ferrocerium and other pyrophoric alloys","405227","0.0007901611971882901","3606","Chemicals"
"Photographic plates","186127","0.0003629332032393322","3701","Chemicals"
"Photographic film in rolls","32481","0.00006333542889756322","3702","Chemicals"
"Photographic paper","73182","0.00014269921977714574","3703","Chemicals"
"Photographic film, developed","596","0.000001162153739815513","3705","Chemicals"
"Motion-picture film","13576","0.000026472146261301014","3706","Chemicals"
"Chemical preparations for photographic uses","22351","0.000043582715165463976","3707","Chemicals"
"Artificial graphite","288856","0.0005632467796445467","3801","Chemicals"
"Activated carbon","5109247","0.009962635081696628","3802","Chemicals"
"Residual lyes","172833","0.0003370109350898231","3804","Chemicals"
"Rosin and resin acids","908795","0.0017720797113685222","3806","Chemicals"
"Wood tar and oils","45877672","0.08945789947790175","3807","Chemicals"
"Insecticides, rodenticides, fungicides, etc.","14553137","0.028377487568116633","3808","Chemicals"
"Finishing agents","5298902","0.010332447611100507","3809","Chemicals"
"Pickling preparations for metal surfaces","26418","0.00005151304949403728","3810","Chemicals"
"Anti-knock","4090788","0.007976719082202053","3811","Chemicals"
"Stabilizers for rubber or plastic","74996","0.00014623637897853055","3812","Chemicals"
"Preparations for fire extinguishers","120747","0.00023544727788842913","3813","Chemicals"
"Organic composite solvents and thinners","3466307","0.006759029603017938","3814","Chemicals"
"Catalytic preparations","1473791","0.0028737780576450415","3815","Chemicals"
"Refractory cements","2347618","0.004577672883151368","3816","Chemicals"
"Mixed alkylbenzenes","212772640","0.4148901330644628","3817","Chemicals"
"Hydraulic fluids","599132","0.001168260896716691","3819","Chemicals"
"Antifreezing preparation","2814","0.000005487081583625593","3820","Chemicals"
"Prepared culture media for micro-organisms","42293","0.00008246806731210988","3821","Chemicals"
"Diagnostic or laboratory reagents","1259133","0.0024552116189179973","3822","Chemicals"
"Industrial monocarboxylic fatty acids","21020224","0.0409878052573151","3823","Chemicals"
"Polymers of ethylene","200136576","0.39025078904743565","3901","Chemicals"
"Polymers of propylene","163155824","0.31814119301053967","3902","Chemicals"
"Polymers of styrene","205117280","0.3999627752563519","3903","Chemicals"
"Polymers of vinyl chloride","91340640","0.1781071583441987","3904","Chemicals"
"Polymers of vinyl acetate","10424441","0.0203268508282486","3905","Chemicals"
"Acrylic polymers","3978775","0.007758302426400113","3906","Chemicals"
"Polyacetals","195235120","0.3806933302874672","3907","Chemicals"
"Polyamides","58650","0.00011436294771842255","3908","Chemicals"
"Amino-resins","30879540","0.06021270619929988","3909","Chemicals"
"Silicones in primary forms","395907","0.000771987920585806","3910","Chemicals"
"Petroleum resins","569636","0.0011107459861301168","3911","Chemicals"
"Cellulose n.e.c.","612391","0.0011941149175828218","3912","Chemicals"
"Natural polymers","1491712","0.0029087226166571787","3913","Chemicals"
"Ion-exchangers based on polymers","1936590","0.0037762001862236983","3914","Chemicals"
"Plastic waste","1567894","0.003057271603581047","3915","Chemicals"
"Monofilament","2676793","0.005219538583325481","3916","Chemicals"
"Plastic tubes and fittings","80903320","0.15775519446558925","3917","Chemicals"
"Plastic floor coverings","5599661","0.010918904316860864","3918","Chemicals"
"Self-adhesive plastic sheets","2458459","0.004793804229921319","3919","Chemicals"
"Other plates of plastics, noncellular and not reinforced","246258672","0.4801852963536943","3920","Chemicals"
"Other plastic plates, sheets etc.","10914889","0.021283186360773833","3921","Chemicals"
"Baths, sinks etc.","86236592","0.16815466090896736","3922","Chemicals"
"Packing lids","51593532","0.10060338282565662","3923","Chemicals"
"Plastic household articles","10982093","0.021414228944549946","3924","Chemicals"
"Plastic builders' ware","5149651","0.010041419745628685","3925","Chemicals"
"Other articles of plastic","133255064","0.2598370318405294","3926","Chemicals"
"Natural rubber","1519408","0.00296272766695572","4001","Chemicals"
"Synthetic rubber","769990","0.0015014207351015886","4002","Chemicals"
"Reclaimed rubber","324949","0.0006336253281867636","4003","Chemicals"
"Scrap of rubber","1076490","0.002099071945258392","4004","Chemicals"
"Compounded rubber","1000681","0.0019512502793830996","4005","Chemicals"
"Unvulcanized rubber rods","314514","0.000613277888128081","4006","Chemicals"
"Vulcanized rubber thread and cord","4275","0.000008335918184079394","4007","Chemicals"
"Vulcanized rubber plates","1798738","0.003507399485987041","4008","Chemicals"
"Vulcanized rubber tubes","555719","0.0010836089163364716","4009","Chemicals"
"Conveyor belts of vulcanized rubber","211988","0.00041336014596646134","4010","Chemicals"
"New pneumatic tires of rubber","99218080","0.19346755491495762","4011","Chemicals"
"Used pneumatic tires of rubber","454084","0.0008854285550174286","4012","Chemicals"
"Rubber inner tubes","235482","0.0004591716224148266","4013","Chemicals"
"Rubber hygenic or pharmeceutical items","56197","0.00010957978811478586","4014","Chemicals"
"Vulcanized rubber articles of apparel","73150","0.00014263682226091406","4015","Chemicals"
"Other articles of vulcanized rubber","1088944","0.002123356278606819","4016","Chemicals"
"Hard rubber","428270","0.0008350932586422647","4017","Chemicals"
"Raw hides of bovines or equines","821804","0.0016024540134150131","4101","Agriculture"
"Raw skins of sheep or lambs","350392","0.0006832372033581162","4102","Agriculture"
"Other raw hides and skins","1045334","0.002038320163517298","4103","Agriculture"
"Tanned hides of bovines or equines","135859952","0.2649163612549599","4104","Agriculture"
"Tanned sheepskins","11586782","0.022593325559944748","4105","Agriculture"
"Tanned skins of other animals","4418319","0.00861537910997976","4106","Agriculture"
"Bovine leather further prepared","35041588","0.06832837675046041","4107","Agriculture"
"Chamois leather","150481","0.0002934262700019769","4108","Agriculture"
"Patent leather","116291","0.00022675842375316415","4109","Agriculture"
"Waste of leather","1651","0.0000032193218530795506","4110","Agriculture"
"Composition leather","2640965","0.005149676764214558","4111","Agriculture"
"Saddlery and harnesses","16970","0.00003309018282662627","4201","Agriculture"
"Trunks or cases","1307574","0.0025496678090361235","4202","Agriculture"
"Leather apparel","346081","0.0006748310879682761","4203","Agriculture"
"Other articles of leather","1992974","0.0038861446098239633","4205","Agriculture"
"Articles of gut","293183","0.0005716840937925026","4206","Agriculture"
"Other raw furskins","26604","0.00005187573505713408","4301","Agriculture"
"Other tanned furskins","49120","0.00009578018741566778","4302","Agriculture"
"Furskin apparel","19978","0.00003895554935240658","4303","Agriculture"
"Fuel wood","4694425","0.009153764379250738","4401","Agriculture"
"Wood charcoal","12362445","0.02410580820472079","4402","Agriculture"
"Wood in the rough","40217","0.00007842002844657799","4403","Agriculture"
"Strips and other pieces of wood","47425","0.00009247506897776963","4404","Agriculture"
"Wood wool or flour","16466","0.000032107421945976907","4405","Agriculture"
"Wood sawn lengthwise","1046920","0.0020414127404155317","4407","Agriculture"
"Sheets for veneering for plywood","407018","0.0007936535081748833","4408","Agriculture"
"Wood shaped along its edges","20094932","0.03918355767640675","4409","Agriculture"
"Particle board and similar board","1723539","0.0033607672727649154","4410","Agriculture"
"Fiberboard of wood","8102297","0.015798850267862437","4411","Agriculture"
"Plywood","1736494","0.003386028517226845","4412","Agriculture"
"Densified wood","240374","0.00046871064270874853","4413","Agriculture"
"Wooden frames","505185","0.0009850715386723152","4414","Agriculture"
"Packing boxes","3259093","0.006354978386504295","4415","Agriculture"
"Wooden tools","183775","0.00035834698579630185","4417","Agriculture"
"Wood carpentry for construction","3645293","0.0071080384105256895","4418","Agriculture"
"Wooden kitchenware","57260","0.00011165255560710786","4419","Agriculture"
"Wood marquetry, ornaments, etc.","876797","0.0017096860949815812","4420","Agriculture"
"Other articles of wood","4246401","0.00828015235386969","4421","Agriculture"
"Natural cork, raw","1885","0.000003675603690523896","4501","Agriculture"
"Natural cork, debacked","50665","0.00009879281749622981","4502","Agriculture"
"Articles of natural cork","594940","0.0011600868220903377","4503","Agriculture"
"Agglomerated cork","165293","0.0003223085203277275","4504","Agriculture"
"Products of plaiting materials","907884","0.0017703033320783008","4601","Agriculture"
"Basketwork","4740801","0.009244193979649536","4602","Agriculture"
"Mechanical woodpulp","5731","0.000011175005172621988","4701","Agriculture"
"Chemical woodpulp, sulfite","887","0.000001729581153047584","4704","Agriculture"
"Semichemical woodpulp","1575","0.0000030711277520292497","4705","Agriculture"
"Pulps of recovered paper fibers","83652","0.00016311490711920688","4706","Agriculture"
"Paper waste","48260","0.0000941032541669407","4707","Agriculture"
"Newsprint","38576","0.00007522020581732086","4801","Agriculture"
"Paper used for graphic purposes","18943770","0.03693888112702168","4802","Agriculture"
"Tissue","42111240","0.0821136494199138","4803","Agriculture"
"Uncoated kraft paper and paperboard","6750875","0.013163682262209818","4804","Agriculture"
"Other uncoated paper and paperboard","7155660","0.013952981593705156","4805","Agriculture"
"Transparent paper","5306","0.000010346288160169651","4806","Agriculture"
"Uncoated composite paper","209764","0.00040902351858835786","4807","Agriculture"
"Corrugated paper and paperboard","2099910","0.004094661509691265","4808","Agriculture"
"Carbon paper","1983416","0.0038675072516945056","4809","Agriculture"
"Paper and paperboard, coated with kaolin","1944914","0.0037924313401334706","4810","Agriculture"
"Cellulose wadding, coated","3535574","0.006894094876668612","4811","Agriculture"
"Filter blocks of paper pulp","37619","0.00007335413009751642","4812","Agriculture"
"Cigarette paper","195977","0.00038213993870440396","4813","Agriculture"
"Wallpaper","258192","0.0005034543597155149","4814","Agriculture"
"Other carbon paper","319353","0.0006227135625357442","4816","Agriculture"
"Letterstock","750578","0.0014635688418175303","4817","Agriculture"
"Toilet paper","260971584","0.5088743327704334","4818","Agriculture"
"Cardboard packing containers","40561312","0.07909141012185208","4819","Agriculture"
"Notebooks","24626152","0.04801908497326389","4820","Agriculture"
"Paper labels","736085","0.0014353086167317145","4821","Agriculture"
"Bobbins, spools, cops of paper","43721","0.00008525255647394974","4822","Agriculture"
"Other paper cut to size","6578817","0.01282818251696623","4823","Agriculture"
"Books, brochures etc.","23520550","0.045863246887613694","4901","Agriculture"
"Newspapers, journals and periodicals","5180884","0.010102321671393211","4902","Agriculture"
"Children's books","18312","0.000035706978663593416","4903","Agriculture"
"Maps","64598","0.0001259610860479908","4905","Agriculture"
"Architectural, engineering, etc. drawings","21165","0.000041270107220126396","4906","Agriculture"
"Unused stamps","159035","0.0003101059060596646","4907","Agriculture"
"Transfers (decalcomanias)","84310","0.0001643979560467213","4908","Agriculture"
"Printed or illustrated postcards","374858","0.0007309440043620194","4909","Agriculture"
"Calendars","48425","0.00009442499136001043","4910","Agriculture"
"Other printed matter","876263","0.0017086448364294644","4911","Agriculture"
"Silk yarn","840703","0.0016393055965169818","5004","Textiles"
"Yarn from silk waste","78130","0.0001523474357244732","5005","Textiles"
"Silk yarn, for retail sale","60102","0.00011719423501743618","5006","Textiles"
"Woven silk fabrics","370902","0.0007232301114178749","5007","Textiles"
"Wool","4073230","0.007942482345014669","5101","Textiles"
"Animal hair","61488","0.00011989682743922192","5102","Textiles"
"Wool or animal hair waste","2863135","0.0055828910198769946","5103","Textiles"
"Wool, combed","32395958","0.0631696035983327","5105","Textiles"
"Yarn of carded wool, not for retail sale","319183","0.0006223820757307632","5106","Textiles"
"Yarn of combed wool, not for retail sale","112252","0.00021888268725129358","5107","Textiles"
"Yarn of animal hair, not for retail sale","722540","0.001408896918064263","5108","Textiles"
"Yarn of wool or animal hair, for retail sale","187156","0.00036493967337065795","5109","Textiles"
"Yarn of coarse animal hair or of horsehair","9224","0.00001798608405378908","5110","Textiles"
"Woven fabrics of carded wool","8070680","0.01573719957190313","5111","Textiles"
"Woven fabrics of combed wool","568778","0.001109072952726154","5112","Textiles"
"Raw cotton","77203896","0.15054160480659048","5201","Textiles"
"Cotton waste","2375333","0.004631714981975171","5202","Textiles"
"Cotton, carded or combed","894514","0.0017442328698277412","5203","Textiles"
"Cotton sewing thread","10338291","0.020158865015018554","5204","Textiles"
"Cotton yarn of > 85%","198720544","0.38748963655666646","5205","Textiles"
"Cotton yarn of < 85%","7177677","0.013995913034794952","5206","Textiles"
"Cotton yarn for retail sale","16093775","0.03138161208724733","5207","Textiles"
"Woven fabrics of cotton of > 85% weighing < 200 g/m2","48796228","0.09514885714612492","5208","Textiles"
"Woven fabrics of cotton of < 85% weighing > 200 g/m2","88733416","0.17302327391108335","5209","Textiles"
"Woven fabrics of cotton of < 85% weighing < 200 g/m2","1939729","0.003782320992581552","5210","Textiles"
"Woven fabrics of cotton of < 85% weighing > 200 g/m2","2155975","0.004203983908051595","5211","Textiles"
"Other woven cotton fabrics","1507591","0.00293968543416478","5212","Textiles"
"Flax, raw or processed","11058917","0.021564029781643214","5301","Textiles"
"Hemp fiber","114584","0.0002234299062466791","5302","Textiles"
"Textile bast fibers","289452","0.0005644089333843622","5303","Textiles"
"Vegetable textile fibers","44451","0.00008667599981298551","5305","Textiles"
"Flax yarn","6461719","0.0125998505058506","5306","Textiles"
"Yarn of textile bast fibers","14089","0.000027472456443390544","5307","Textiles"
"Yarn of other vegetable textile fibers","233475","0.0004552581281936693","5308","Textiles"
"Woven fabrics of flax","462882","0.000902583972136383","5309","Textiles"
"Woven fabrics of jute or of other textile bast fibers","603254","0.0011762984767762878","5310","Textiles"
"Synthetic sowing thread","7147293","0.013936666593132948","5401","Textiles"
"Synthetic filament yarn","21233800","0.041404261880024565","5402","Textiles"
"Artificial filament yarn","559394","0.0010907748810912066","5403","Textiles"
"Synthetic monofilament >67 dtex, thickness < 1mm","1837695","0.0035833626122319952","5404","Textiles"
"Artificial monofilament >67dtex t<1mm, strip, straws t<5mm","9150149","0.017842080335938214","5405","Textiles"
"Synthetic filament yarn for retail sale","675865","0.001317884290873174","5406","Textiles"
"Woven fabrics of synthetic filament yarn","60572028","0.11811075313491605","5407","Textiles"
"Woven fabrics of artificial filament yarn","4708671","0.00918154297350814","5408","Textiles"
"Synthetic filament tow","14733639","0.028729452457955867","5501","Textiles"
"Artificial filament tow","320252","0.0006244665427573787","5502","Textiles"
"Synthetic staple fibers","34686568","0.06763611530631729","5503","Textiles"
"Artificial staple fibers, not processed for spinning","334563","0.0006523718819696267","5504","Textiles"
"Waste of man-made fibers","1598234","0.0031164322486582326","5505","Textiles"
"Synthetic staple fibers, processed","5166050","0.010073396522775053","5506","Textiles"
"Artificial staple fibers, processed","42003","0.00008190258982126006","5507","Textiles"
"Synthetic staple fibers sewing thread","22172998","0.04323562508158035","5508","Textiles"
"Yarn of synthetic staple fibers, not for retail sale","24093208","0.04697988553918295","5509","Textiles"
"Yarn of artificial staple fibers, not for retail sale","5964617","0.011630540189793936","5510","Textiles"
"Yarn of synthetic staple fibers, for retail sale","45447","0.00008861812250569736","5511","Textiles"
"Woven fabrics of > 85% synthetic staple fibers","6385454","0.012451139675369004","5512","Textiles"
"Woven fabrics of < 85% synthetic staple fibers weighing < 170 g/m2","2250868","0.0043890178926695705","5513","Textiles"
"Woven fabrics of < 85% synthetic staple fibers weighing > 170 g/m2","3306685","0.006447779092519899","5514","Textiles"
"Other woven fabrics of synthetic staple fibers","6246320","0.012179839174638314","5515","Textiles"
"Woven fabrics of artificial staple fibers","881830","0.001719500054331399","5516","Textiles"
"Wadding of textile materials","293426","0.0005721579249313871","5601","Textiles"
"Felt","172082","0.00033554654338076024","5602","Textiles"
"Nonwoven textiles","28628934","0.05582419918629446","5603","Textiles"
"Rubber textiles","2098889","0.004092670638938997","5604","Textiles"
"Metallised yarn","23651","0.000046117614262377006","5605","Textiles"
"Gimp yarn","39941","0.00007788184986907954","5606","Textiles"
"Twine and ropes of baste fibers","2162673","0.0042170444881678435","5607","Textiles"
"Nets","1161841","0.002265499770505026","5608","Textiles"
"Articles of yarn, rope etc not elsewhere clasified","254544","0.0004963410428651005","5609","Textiles"
"Carpets, knotted","124836632","0.2434217428603573","5701","Textiles"
"Woven carpets and rugs","212180256","0.4137350302439814","5702","Textiles"
"Carpets, tufted","89439768","0.17440060548562392","5703","Textiles"
"Carpets of felt","16838012","0.03283281647123907","5704","Textiles"
"Other carpets","5008244","0.009765687071323161","5705","Textiles"
"Woven pile fabrics","9738860","0.018990021091509577","5801","Textiles"
"Terry cloth","1934670","0.0037724563352497967","5802","Textiles"
"Lace and net fabrics","2961319","0.0057743421990549245","5804","Textiles"
"Hand-woven tapestries","187736","0.00036607062835235764","5805","Textiles"
"Narrow woven fabrics","1020314","0.0019895331055136333","5806","Textiles"
"Labels and badges of textiles","63962","0.00012472093541288564","5807","Textiles"
"Braids in piece","791507","0.0015433772150002638","5808","Textiles"
"Woven fabric incorporating metal threads","2700489","0.005265743944095059","5809","Textiles"
"Embroidery in the piece","1325483","0.002584588968979674","5810","Textiles"
"Quilted textile products","145958384","0.28460751983729654","5811","Textiles"
"Stiffened textiles","7982","0.000015564280455046016","5901","Textiles"
"Tire cord fabric","26499970","0.05167288463170957","5902","Textiles"
"Textile fabrics impregnated with plastics","319691","0.0006233726363009416","5903","Textiles"
"Linoleum","85405","0.00016653312105527498","5904","Textiles"
"Textile wall coverings","11992","0.000023383469207831598","5905","Textiles"
"Rubberized textile fabrics","251929","0.0004912419958355409","5906","Textiles"
"Other textile fabrics impregnated, coated or covered","25061","0.00004886700482133653","5907","Textiles"
"Textile wicks","142223","0.0002773238109694324","5908","Textiles"
"Textile hosepiping and similar tubing","5536","0.000010794770308085033","5909","Textiles"
"Transmission belts or belting, of textile material","3280","0.000006395745413749803","5910","Textiles"
"Textile articles for technical use","226600","0.00044185241181576385","5911","Textiles"
"Pile fabrics, knit","852998","0.0016632798922066327","6001","Textiles"
"Other knitted fabrics","19104204","0.0372517149744941","6002","Textiles"
"Men's overcoats, knit","8716035","0.016995591730894134","6101","Textiles"
"Women's overcoats, knit","5917068","0.01153782333044077","6102","Textiles"
"Men's suits, knit","94246048","0.18377247843294017","6103","Textiles"
"Women's suits, knit","74945856","0.14613860207059548","6104","Textiles"
"Men's shirts, knit","49194440","0.09592533963780178","6105","Textiles"
"Women's shirts, knit","10542783","0.02055760854280774","6106","Textiles"
"Men's undergarments, knit","48647676","0.09485919227639829","6107","Textiles"
"Women's undergarments, knit","15972386","0.0311449129591895","6108","Textiles"
"T-shirts, knit","139808784","0.27261627715546854","6109","Textiles"
"Sweaters, pullovers, sweatshirts etc., knit","119808600","0.23361747072493436","6110","Textiles"
"Babies' garments, knit","18520190","0.03611293300435212","6111","Textiles"
"Activewear, knit","3621067","0.007060799590893525","6112","Textiles"
"Garments knit with impregnated fibers","322421","0.000628695924404459","6113","Textiles"
"Other garments, knit","39483064","0.07698891021304571","6114","Textiles"
"Socks, stockings, etc., knit","5899191","0.01150296456801345","6115","Textiles"
"Gloves, knit","56882","0.00011091548494662083","6116","Textiles"
"Other clothing accesories, knit","1676416","0.0032688810803465826","6117","Textiles"
"Men's overcoats, not knit","3771426","0.007353987970364868","6201","Textiles"
"Womens overcoats, not knit","11458345","0.022342883378936886","6202","Textiles"
"Men's suits and pants","388053248","0.7566737137764376","6203","Textiles"
"Women's suits and pants","241425984","0.47076192985610776","6204","Textiles"
"Men's shirts","47961820","0.09352182631100414","6205","Textiles"
"Women's shirts","15077236","0.029399439938726655","6206","Textiles"
"Men's undergarments","9187259","0.017914441955543172","6207","Textiles"
"Women's undergarments","8584114","0.016738356020306547","6208","Textiles"
"Babies' garments","6920570","0.013494574340864169","6209","Textiles"
"Garments made of textile felts and nonwoven fabric","202058416","0.3939982278785213","6210","Textiles"
"Activewear","11017192","0.021482669270244215","6211","Textiles"
"Brassieres","1370530","0.002672427122532475","6212","Textiles"
"Handkerchiefs","132894","0.00025913298506550803","6213","Textiles"
"Shawls, scarves, etc.","989699","0.0019298362317813312","6214","Textiles"
"Ties, bow ties and cravats","72936","0.00014221953887111452","6215","Textiles"
"Gloves","38859","0.000075772033851495","6216","Textiles"
"Other clothing accesories","1298681","0.002532327149290856","6217","Textiles"
"Blankets","2672636","0.005211432755982506","6301","Textiles"
"House linen","224879552","0.4384976717530824","6302","Textiles"
"Curtains","24728508","0.04821867122862052","6303","Textiles"
"Other furnishing articles","13420836","0.026169588504783004","6304","Textiles"
"Bags for packing goods","27565398","0.05375038653557561","6305","Textiles"
"Tents, tarpaulins, etc.","655116","0.0012774253513640598","6306","Textiles"
"Other made up articles","4056559","0.007909975188980331","6307","Textiles"
"Needlecraft sets of woven fabric and yarn","8759237","0.017079832277651703","6308","Textiles"
"Used clothes and textiles","216988","0.0004231097578776653","6309","Textiles"
"Used or new rags textile scraps","383647","0.0007480818721795337","6310","Textiles"
"Waterproof footwear","75338","0.0001469032524332569","6401","Textiles"
"Other footwear of rubber or plastics","788464","0.001537443601191105","6402","Textiles"
"Leather footwear","11460631","0.02234734090150269","6403","Textiles"
"Textile footwear","373559","0.0007284110551874886","6404","Textiles"
"Other footwear","1026413","0.00200142568212292","6405","Textiles"
"Parts of footwear","1037678","0.0020233915577588624","6406","Textiles"
"Hat shapes","1957","0.000003815998102045234","6502","Textiles"
"Hats","19989","0.00003897699849861122","6504","Textiles"
"Hats, knit","751873","0.0014660939913025322","6505","Textiles"
"Other headgear","98159","0.00019140243111837404","6506","Textiles"
"Umbrellas","111497","0.00021741049585270175","6601","Textiles"
"Walking sticks","39541","0.00007710188091618323","6602","Textiles"
"Parts of umbrellas or walking sticks","44901","0.00008755346488499387","6603","Textiles"
"Feathers or down","14031","0.000027359360945220578","6701","Textiles"
"Artificial flowers","95470","0.00018615908983252857","6702","Textiles"
"Human animal hair prepared for use in wigs","1243","0.0000024237535211253065","6703","Textiles"
"Wigs","5359","0.000010449634046428412","6704","Textiles"
"Flagstones, of natural stone","17407418","0.033943113975221276","6801","Stone"
"Worked building stone","193203840","0.3767324919508691","6802","Stone"
"Worked slate","126154","0.0002459905082092051","6803","Stone"
"Grindstones","183519","0.0003578478056664482","6804","Stone"
"Natural or artificial abrasive powder","110199","0.00021487949660055323","6805","Stone"
"Mineral wools and insulating materials","1757422","0.00342683649284238","6806","Stone"
"Asphalt","31819774","0.06204608952044367","6807","Stone"
"Panels of vegetable fibers","85591","0.00016689580661837175","6808","Stone"
"Plaster articles","288085","0.000561743389487839","6809","Stone"
"Articles of cement, of concrete or of artificial stone","3348675","0.0065296563333501895","6810","Stone"
"Asbestos-cement or cellulose fiber-cement","2112678","0.004119558118667715","6811","Stone"
"Asbestos fibres","814779","0.0015887558086797714","6812","Stone"
"Friction material and articles thereof","460048","0.0008970578921051126","6813","Stone"
"Mica articles","8253","0.00001609270942063327","6814","Stone"
"Articles of stone or of other mineral substances","2234560","0.004357218558459988","6815","Stone"
"Bricks, blocks, and other ceramic goods","101992","0.00019887648360950301","6901","Stone"
"Bricks, tiles and similar refractory ceramic constructional goods","5464595","0.01065553610038113","6902","Stone"
"Other refractory ceramic goods","2272188","0.004430590237858944","6903","Stone"
"Ceramic building bricks","3537321","0.006897501391070387","6904","Stone"
"Architectural ceramic ornaments","202234","0.00039434060305008466","6905","Stone"
"Ceramic pipes","8246094","0.016079243256661515","6906","Stone"
"Unglazed ceramic flags and pavers","77457688","0.15103647950782412","6907","Stone"
"Glazed ceramic flags and pavers","167898800","0.32738962807137056","6908","Stone"
"Ceramic wares for technical ware","305795","0.0005962765148773236","6909","Stone"
"Ceramic sinks, washbasins, and similar sanitary fixtures","118757696","0.23156828949374794","6910","Stone"
"Porcelain or china household articles","7472462","0.014570720904243805","6911","Stone"
"Ceramic household articles","456711","0.0008905510011155751","6912","Stone"
"Ornamental ceramic articles","693419","0.0013521132283710287","6913","Stone"
"Other ceramic articles","24512430","0.0477973359001107","6914","Stone"
"Cullet and other scraps of glass","46943","0.00009153520638952957","7001","Stone"
"Glass balls","15946702","0.031094831152724028","7002","Stone"
"Glass, cast or rolled","12759812","0.024880643011984664","7003","Stone"
"Drawn and blown glass","612011","0.0011933739470775704","7004","Stone"
"Float glass","46613472","0.09089265236675453","7005","Stone"
"Worked glass","357236","0.0006965824721421721","7006","Stone"
"Safety glass","20277020","0.03953861514314422","7007","Stone"
"Multiple-walled insulating glass","621510","0.0012118962597864756","7008","Stone"
"Glass mirrors","2340050","0.00456291587056257","7009","Stone"
"Glass containers for conveyance","35447204","0.06911929646745539","7010","Stone"
"Glass envelopes","271513","0.0005294292757693445","7011","Stone"
"Glassware for interior decorative use","118504664","0.2310748967335248","7013","Stone"
"Signaling glassware","155352","0.0003029243419258718","7014","Stone"
"Clock or watch glasses and similar glasses","164072","0.00031992766509901147","7015","Stone"
"Glass paving blocks or other molded products","747448","0.0014574655847611167","7016","Stone"
"Laboratory, hygienic or pharmaceutical glassware","201189","0.00039230293416064307","7017","Stone"
"Glass beads","22805094","0.04446816321970523","7018","Stone"
"Glass fibers","49810496","0.09712660102091553","7019","Stone"
"Other articles of glass","3162315","0.006166268798195795","7020","Stone"
"Pearls","204670","0.00039909061397322323","7101","Stone"
"Diamonds","40217","0.00007842002844657799","7102","Stone"
"Precious stones","1137978","0.002218968772697614","7103","Stone"
"Synthetic precious stones","10474","0.000020423487031590073","7104","Stone"
"Silver","106255","0.0002071890027249955","7106","Stone"
"Silver clad metals","31064","0.00006057238888192802","7107","Stone"
"Gold","571313088","1.1140161775583042","7108","Stone"
"Gold clad metals","1163","0.000002267759730546043","7109","Stone"
"Platinum","1988806","0.0038780173333347835","7110","Stone"
"Platinum clad metals","422806","0.000824438882745701","7111","Stone"
"Scrap of precious metal","20454856","0.0398853815399124","7112","Stone"
"Jewelry of precious metal","11096158","0.02163664684108024","7113","Stone"
"Goldsmith and silversmith wares","26946","0.00005254260851186043","7114","Stone"
"Other articles of precious metals","10772","0.000021004563901497827","7115","Stone"
"Articles of precious stones","72168","0.0001407219984815536","7116","Stone"
"Imitation jewelry","1070055","0.002086524194728672","7117","Stone"
"Coin","9384","0.000018298071634947608","7118","Stone"
"Pig iron","437289","0.0008526796086076944","7201","Metals"
"Ferroalloys","55228308","0.10769091390248828","7202","Metals"
"Ferrous products from the reduction of iron ore","541578","0.0010560350639292045","7203","Metals"
"Ferrous waste and scrap","19041208","0.03712887766410246","7204","Metals"
"Powders of iron or steel","13307724","0.025949028884282983","7205","Metals"
"Iron and nonalloy steel","48145780","0.09388053403244116","7206","Metals"
"Semifinished products of iron or nonalloy steel","35112324","0.0684663064600906","7207","Metals"
"Flat-rolled iron, width > 600mm, hot-rolled, not clad","281858848","0.5496028763478058","7208","Metals"
"Flat-rolled iron, width > 600mm, cold-rolled, not clad","19822380","0.03865210243128226","7209","Metals"
"Flat rolled iron, width > 600mm, clad","96952664","0.18905016955147125","7210","Metals"
"Flat-rolled iron, width < 600mm, not clad","691757","0.0013488724573717447","7211","Metals"
"Flat-rolled iron, width < 600mm, clad","621924","0.0012127035276527233","7212","Metals"
"Hot rolled bars of iron","85740504","0.16718732781420628","7213","Metals"
"Other bars of iron, not further worked than forged","59205128","0.11544540423063111","7214","Metals"
"Other bars and rods of iron or nonalloy steel","3055584","0.005958151632416853","7215","Metals"
"Angles of iron or nonalloy steel","5991373","0.01168271231305317","7216","Metals"
"Wire of iron or nonalloy steel","18867920","0.03679097951432871","7217","Metals"
"Stainless steel in ingots","1364701","0.0026610610249663933","7218","Metals"
"Flat-rolled products of stainless steel of a width > 600 mm","1012968","0.001975208975693692","7219","Metals"
"Flat-rolled products of stainless steel of a width < 600 mm","2678","0.000005221892139640845","7220","Metals"
"Bars of stainless steel, hot-rolled","104625","0.00020401062924194305","7221","Metals"
"Other bars and rods of stainless steel","82821","0.00016149452161956477","7222","Metals"
"Wire of stainless steel","198565","0.0003871863378296432","7223","Metals"
"Other alloy steel in primary form","156815","0.0003057770783710901","7224","Metals"
"Flat-rolled products of other alloy steel, width > 600 mm","671646","0.0013096575683425001","7225","Metals"
"Flat-rolled products of other alloy steel, width < 600 mm","180616","0.0003521871809908032","7226","Metals"
"Bars of other alloy steel","97394","0.00018991074049595985","7227","Metals"
"Other bars and rods of other alloy steel","21334282","0.041600193980836885","7228","Metals"
"Wire of other alloy steel","752566","0.0014674452875134251","7229","Metals"
"Sheet piling of iron or steel","2814852","0.0054887429174952625","7301","Metals"
"Railway construction material of iron or steel","1064341","0.0020753823382365488","7302","Metals"
"Tubes of cast iron","2301698","0.00448813244735887","7303","Metals"
"Tubes, seamless, of iron or steel","15222861","0.029683397385640468","7304","Metals"
"Other tubes and pipes, diameter > 406.4 mm, of iron or steel","289135","0.0005637908079891919","7305","Metals"
"Other tubes, pipes and hollow profiles of iron or steel","6823563","0.013305418220330137","7306","Metals"
"Tube or pipe fittings of iron or steel","11359237","0.022149630471477767","7307","Metals"
"Structures and their parts, of iron or steel","101863136","0.19862520881163798","7308","Metals"
"Tanks etc. > 300 liters, iron or steel","1604603","0.003128851304310724","7309","Metals"
"Tanks etc. < 300 liters, iron or steel","2081891","0.004059525858285668","7310","Metals"
"Containers for compressed or liquified gas","878691","0.0017133792479735452","7311","Metals"
"Wire of iron or steel, not insulated","2104934","0.004104457919739643","7312","Metals"
"Barbed wire of iron or steel","2257610","0.004402164269370639","7313","Metals"
"Cloth of iron or steel wire","2447807","0.00477303365670569","7314","Metals"
"Chain of iron or steel","65912","0.00012852328405825518","7315","Metals"
"Nails and similar articles of iron or steel","3583388","0.006987328465453073","7317","Metals"
"Screws and similar articles of iron or steel","10661406","0.02078891418555629","7318","Metals"
"Articles for sewing of iron or steel","30812","0.000060081008441603336","7319","Metals"
"Springs of iron or steel","631821","0.0012320019094697605","7320","Metals"
"Stoves and similar non-electric appliances of iron or steel","99270032","0.19356885728255982","7321","Metals"
"Radiators for central heating of iron or steel","141562","0.0002760349122747712","7322","Metals"
"Household articles of iron or steel","13777859","0.02686575564345776","7323","Metals"
"Sanitary ware and parts of iron or steel","13316864","0.025966851174856666","7324","Metals"
"Other cast articles of iron or steel","7759057","0.015129558909382106","7325","Metals"
"Other articles of iron or steel","71048056","0.1385381946090973","7326","Metals"
"Refined copper and copper alloys","1587254","0.0030950221009012286","7403","Metals"
"Copper waste and scrap","11213881","0.021866197553684776","7404","Metals"
"Master alloys of copper","3538","0.000006898825388367928","7405","Metals"
"Copper bars, rods and profiles","13077198","0.02549952107719454","7407","Metals"
"Copper wire","166759424","0.3251679333071826","7408","Metals"
"Copper plates, sheets and strip > 0.15 mm","92590168","0.1805436409586353","7409","Metals"
"Copper foil < 0.15 mm thick","167600","0.00032680699126355704","7410","Metals"
"Copper tubes and pipes","50214","0.00009791340250183921","7411","Metals"
"Copper tube or pipe fittings","144355","0.0002814810454883698","7412","Metals"
"Copper wire, uninsulated","904845","0.0017643775179586709","7413","Metals"
"Screws and similar articles of copper","1175211","0.0022915702327555854","7415","Metals"
"Household articles of copper","575487","0.0011221549819886076","7418","Metals"
"Other articles of copper","601779","0.0011734223412624826","7419","Metals"
"Nickel waste and scrap","1754348","0.0034208424314393715","7503","Metals"
"Nickel plates","222837","0.0004345148538913917","7506","Metals"
"Nickel tubes and pipes","334322","0.0006519019506755066","7507","Metals"
"Other articles of nickel","34208980","0.06670485577562767","7508","Metals"
"Unwrought aluminum","196348560","0.3828644518647494","7601","Metals"
"Waste or scrap, aluminium","14508230","0.028289922403697352","7602","Metals"
"Aluminum powders","120999848","0.23594031186293393","7603","Metals"
"Aluminum bars","80507128","0.1569826508171245","7604","Metals"
"Aluminum wire","66965352","0.1305772386994333","7605","Metals"
"Aluminum plates > 0.2 mm","110196320","0.2148742708085688","7606","Metals"
"Aluminum foil < 0.2 mm","3267606","0.006371578075744311","7607","Metals"
"Aluminum tubes and pipes","1760364","0.0034325731644909326","7608","Metals"
"Aluminum tube or pipe fittings","24192","0.00004717252227116928","7609","Metals"
"Aluminum structures (bridges, towers etc)","2032430","0.003963080747337656","7610","Metals"
"Aluminum containers, >300 liters","397389","0.0007748777055562868","7611","Metals"
"Aluminum containers, <300 liters","22084284","0.04306263966736224","7612","Metals"
"Aluminum containers for compressed or liquefied gas","341137","0.0006651906717104777","7613","Metals"
"Aluminum wire, not insulated","929762","0.0018129637339569648","7614","Metals"
"Household articles of aluminum","14447048","0.02817062225250709","7615","Metals"
"Other articles of aluminum","12357486","0.024096138539627256","7616","Metals"
"Lead refined unwrought","4621055","0.00901069857406573","7801","Metals"
"Lead waste or scrap","5420974","0.010570478536145404","7802","Metals"
"Lead foil <2mm","1510313","0.00294499312288924","7804","Metals"
"Other articles of lead","6696359","0.013057380293619579","7806","Metals"
"Unwrought zinc","1073722","0.0020936745601043494","7901","Metals"
"Zinc waste and scrap","2879777","0.0056153416281622456","7902","Metals"
"Zinc powders","938788","0.00183056373337907","7903","Metals"
"Zinc plates and foil","11084","0.000021612939684756957","7905","Metals"
"Other articles of zinc","148298","0.0002891695894415452","7907","Metals"
"Unwrought tin","420608","0.0008201529533495357","8001","Metals"
"Other articles of tin","279193","0.0005444046796649539","8007","Metals"
"Tungsten (wolfram)","66411","0.00012949629532699332","8101","Metals"
"Titanium","2141","0.000004174783820377539","8108","Metals"
"Zirconium","11158","0.000021757233941042775","8109","Metals"
"Manganese","4301301","0.008387203092654708","8111","Metals"
"Handtools for gardening","32068","0.00006253011095369777","8201","Metals"
"Handsaws","51099","0.00009963908381012231","8202","Metals"
"Pliers, pincers and other metal handtools","193865","0.00037802170263311145","8203","Metals"
"Wrenches","15582","0.000030383690560076045","8204","Metals"
"Hand tools n.e.c.","863096","0.0016829702084225","8205","Metals"
"Retail tool sets","202260","0.00039439130103202294","8206","Metals"
"Interchangeable tools for hand tools","2583448","0.005037523078555214","8207","Metals"
"Knives and blades for machines","163982","0.0003197521720846098","8208","Metals"
"Articles for utensils, of cermet","16186","0.00003156144367894949","8209","Metals"
"Hand-operated appliances, food preparation, <10kg","18746","0.000036553244977485916","8210","Metals"
"Knife sets","337072","0.0006572642372266688","8211","Metals"
"Razors","29052454","0.05665003031362108","8212","Metals"
"Scissors","30734","0.00005992891449578856","8213","Metals"
"Other cutlery","16914","0.000032980987173220785","8214","Metals"
"Cutlery","2249427","0.004386208054516762","8215","Metals"
"Padlocks and locks","6319426","0.01232239020031441","8301","Metals"
"Base metal mountings, fittings and similar articles","4522464","0.008818453776478228","8302","Metals"
"Safes","67588","0.00013179135397089076","8303","Metals"
"Paper trays and similar office equipment, of base metal","160354","0.00031267785368184025","8304","Metals"
"Paper clips and similar office articles, of metal","49100","0.00009574118896802297","8305","Metals"
"Ornaments, statuettes, etc. of metal","382697","0.000746229445916405","8306","Metals"
"Flexible tubing of base metal","295830","0.000576845538338294","8307","Metals"
"Clasps, buckles etc. of metal","1938341","0.003779614500315002","8308","Metals"
"Stoppers, caps and lids of metal","4930367","0.009613832965961395","8309","Metals"
"Sign plates and similar plates of base metal","105764","0.0002062315908353153","8310","Metals"
"Wire etc. used for welding","933700","0.001820642528298229","8311","Metals"
"Nuclear reactors and related equipment","69856","0.00013621377793381287","8401","Machinery"
"Steam boilers","5048785","0.009844738874621586","8402","Machinery"
"Central heating boilers","164945","0.00032162994733870773","8403","Machinery"
"Auxiliary parts for use with boilers","97046","0.00018923216750694007","8404","Machinery"
"Water gas generators","193036","0.00037640521697823384","8405","Machinery"
"Steam turbines","306646","0.0005979358988246104","8406","Machinery"
"Spark-ignition reciprocating internal combustion piston engines","360695","0.0007033272536623431","8407","Machinery"
"Compression-ignition internal combustion piston engines","580933","0.001132774259282291","8408","Machinery"
"Parts suitable for use with spark-ignition engines","1395269","0.00272066625234673","8409","Machinery"
"Hydraulic turbines, water wheels and regulators","15926","0.00003105446385956688","8410","Machinery"
"Gas turbines","6648802","0.012964647834887353","8411","Machinery"
"Other engines and motors","519913","0.0010137899955179577","8412","Machinery"
"Pumps for liquids","3851594","0.007510309347904347","8413","Machinery"
"Pumps, compressors, fans, etc.","15722978","0.030658586717679587","8414","Machinery"
"Air conditioners","32639052","0.06364361802992115","8415","Machinery"
"Furnace burners","489013","0.0009535373939067173","8416","Machinery"
"Industrial furnaces","10384448","0.020248867582415644","8417","Machinery"
"Refrigerators, freezers","118320520","0.23071583022636946","8418","Machinery"
"Equipment for temperature change of materials","11664383","0.022744641486729014","8419","Machinery"
"Calendering or other rolling machines, other than for metals or glass","332658","0.0006486572798314579","8420","Machinery"
"Centrifuges","17710886","0.03453485302071512","8421","Machinery"
"Dish washing machines","2121241","0.004136255304026844","8422","Machinery"
"Weighing machinery","64179","0.0001251440685698319","8423","Machinery"
"Sprays and powder dispersers","3094375","0.006033791071546356","8424","Machinery"
"Pulleys and winches","406621","0.0007928793889891338","8425","Machinery"
"Ships' derricks; cranes","1063301","0.0020733544189590184","8426","Machinery"
"Fork-lift trucks","368160","0.0007178834242457707","8427","Machinery"
"Other lifting machinery","1701523","0.0033178377815975017","8428","Machinery"
"Self-propelled bulldozers, excavators and road rollers","1834929","0.0035779691269227174","8429","Machinery"
"Other moving, excavating or boring machinery","3670078","0.007156367236769527","8430","Machinery"
"Parts for use with hoists and excavation machinery","14110292","0.027513974190753215","8431","Machinery"
"Machinery for soil preparation or cultivation","874154","0.0017045324501253187","8432","Machinery"
"Harvesting or agricultural machinery","1274298","0.002484782191844679","8433","Machinery"
"Dairy machinery","29320","0.00005717172424730007","8434","Machinery"
"Machines for wine and juice production","103445","0.00020170972083089888","8435","Machinery"
"Other agricultural machinery","2341210","0.004565177780525969","8436","Machinery"
"Machinery for processing grain","138023","0.0002691341369640211","8437","Machinery"
"Machinery for the industrial preparation of food or drink","2456173","0.004789346707355517","8438","Machinery"
"Machinery for making paper","126292","0.0002462595974979543","8439","Machinery"
"Bookbinding machinery","86407","0.00016848694328228025","8440","Machinery"
"Other machinery for making paper","336279","0.0006557179487775519","8441","Machinery"
"Machinery for making printing components","570079","0.0011116098017454495","8442","Machinery"
"Printers and copiers","684073","0.0013338892537866063","8443","Machinery"
"Machines to extrude, cut manmade textile fibres","132548","0.0002584583119212527","8444","Machinery"
"Machines for preparing textile fibers","158710","0.00030947218128543635","8445","Machinery"
"Looms","228443","0.0004454461187662336","8446","Machinery"
"Knitting machines","897342","0.0017497472503247183","8447","Machinery"
"Auxiliary machinery for use with knitting and textile machines","244355","0.0004764732837124492","8448","Machinery"
"Machinery to manufacture felt","9730","0.00001897274477920292","8449","Machinery"
"Household- or laundry-type washing machines","26398818","0.051475646082901144","8450","Machinery"
"Machinery for processing fabrics","2914629","0.005683300323028102","8451","Machinery"
"Sewing machines","370508","0.0007224618419992719","8452","Machinery"
"Machinery for preparing leather","278800","0.0005436383601687333","8453","Machinery"
"Machines used in metallurgy","8014","0.00001562667797127772","8454","Machinery"
"Metal-rolling mills","417795","0.0008146678216882924","8455","Machinery"
"Machines for working materials by laser and similar means","224300","0.00043736759033661003","8456","Machinery"
"Machining centers for working metal","16438","0.00003205282411927416","8457","Machinery"
"Lathes for removing metal","59960","0.00011691734603915797","8458","Machinery"
"Machine tools for drilling by removing metal","179703","0.00035040690185581734","8459","Machinery"
"Machines with grinding stones for finishing metal","127673","0.00024895244030782886","8460","Machinery"
"Other machine tools for planing and cutting metals","174270","0.0003398129735531031","8461","Machinery"
"Machine tools for molding and forging metals","157658","0.00030742086293931905","8462","Machinery"
"Other machine tools for working metal, without removal","797385","0.0015548388587630752","8463","Machinery"
"Machine tools for working stone","179408","0.0003498316747530563","8464","Machinery"
"Machine tools for working wood","731765","0.0014268849520404343","8465","Machinery"
"Parts and accessories for metal working machines","331705","0.0006467990038011824","8466","Machinery"
"Tools for hand working, pneumatic, hydraulic motors","195203","0.00038063069878054967","8467","Machinery"
"Machinery for soldering","68495","0.00013355993357158316","8468","Machinery"
"Word processing machines","1187","0.000002314557867719822","8469","Machinery"
"Cash registers, calculators, etc.","25122","0.00004898595008665322","8470","Machinery"
"Computers","15744632","0.03070081033694463","8471","Machinery"
"Other office machines","1904867","0.003714342798491874","8472","Machinery"
"Parts and accessories for office machines","3964618","0.00773069737523473","8473","Machinery"
"Machinery for working minerals","5077667","0.009901056532865464","8474","Machinery"
"Machines for assembling electric lamps","89767","0.00017503868248660933","8475","Machinery"
"Automatic goods-vending machines","1166","0.000002273609497692765","8476","Machinery"
"Machinery for working rubber or plastics","1060886","0.0020686453564059066","8477","Machinery"
"Machinery for preparing tobacco","162448","0.00031676099115025244","8478","Machinery"
"Machines n.e.c.","8486686","0.016548378982449593","8479","Machinery"
"Molding boxes for metal foundry","1835563","0.003579205377713058","8480","Machinery"
"Appliances for thermostatically controlled valves","13352196","0.026035745832465998","8481","Machinery"
"Ball or roller bearings","552004","0.001076364954686447","8482","Machinery"
"Transmission shafts","1139638","0.0022222056438521336","8483","Machinery"
"Gaskets and similar joints of metal sheeting","237861","0.00046381048776217743","8484","Machinery"
"Machinery parts, not containing electrical features, n.e.c.","666817","0.0013002413931586594","8485","Machinery"
"Electric motors and generators","1792135","0.003494524148497105","8501","Electronics"
"Electric generating sets and rotary converters","3194961","0.0062299259642864275","8502","Electronics"
"Parts for use with electric generators","831145","0.0016206682383875244","8503","Electronics"
"Electrical transformers","27518110","0.0536581786059642","8504","Electronics"
"Electromagnets","32898","0.00006414854653095763","8505","Electronics"
"Primary cells and primary batteries","1995823","0.003891699938690967","8506","Electronics"
"Batteries","3687988","0.007191290346635459","8507","Electronics"
"Vacuum cleaners","842340","0.00164249761945671","8508","Electronics"
"Electromechanical domestic appliances","1899053","0.003703005949761526","8509","Electronics"
"Electric shavers and hair clippers","2352","0.000004586217443030347","8510","Electronics"
"Electrical ignition equipment","679138","0.0013242663868302481","8511","Electronics"
"Electrical lighting equipment used for motor vehicles","460731","0.000898389689092183","8512","Electronics"
"Portable electric lamps","215359","0.00041993333431699503","8513","Electronics"
"Industrial electric furnaces","555854","0.001083872155858074","8514","Electronics"
"Electric soldering machines","302420","0.0005896955268372609","8515","Electronics"
"Electric heaters","99566288","0.19414653348783292","8516","Electronics"
"Telephones","9012696","0.017574057654732075","8517","Electronics"
"Microphones","454943","0.0008871035383437734","8518","Electronics"
"Sound reproducing apparatus","21696","0.00004230551600509626","8519","Electronics"
"Video recording apparatus","154585","0.0003014287514586931","8521","Electronics"
"Parts and accessories for video or sound equipment","554074","0.0010804012940176856","8522","Electronics"
"Sound storage media","1900555","0.0037059347331796517","8523","Electronics"
"Tapes, cassettes, records and compact disks","1364638","0.002660938179856312","8524","Electronics"
"Transmission apparatus for radio, telephone and TV","2959262","0.005770331208714656","8525","Electronics"
"Radar","335036","0.0006532941952564266","8526","Electronics"
"Reception apparatus for radio broadcasting","2590515","0.00505130318003051","8527","Electronics"
"Monitors and projectors","631618560","1.2316071671826996","8528","Electronics"
"Parts of radios, telephones, and T.V.s","13453305","0.026232900534611983","8529","Electronics"
"Electric signal and traffic controls","12245","0.000023876799570538515","8530","Electronics"
"Electric sound or visual signaling apparatus","1139312","0.0022215699691555233","8531","Electronics"
"Electrical capacitors","187029","0.0003646920332281134","8532","Electronics"
"Electrical resistors","35397","0.00006902140256417738","8533","Electronics"
"Electronic printed circuits","119781","0.0002335636528671845","8534","Electronics"
"Electrical apparatus for > 1k volts","4210972","0.00821106855378928","8535","Electronics"
"Electrical apparatus for < 1k volts","50949260","0.09934710243260558","8536","Electronics"
"Electrical boards","32268088","0.06292026702331557","8537","Electronics"
"Parts for electrical apparatus","7892294","0.015389360717824721","8538","Electronics"
"Electrical filament","2274301","0.004434710423852619","8539","Electronics"
"Thermionic, cold cathode or photocathode tubes","341324","0.0006655553071959567","8540","Electronics"
"Semiconductor devices","349051","0.0006806223574435312","8541","Electronics"
"Electronic integrated circuits","1776488","0.003464013712982183","8542","Electronics"
"Electrical machines with individual functions n.e.c.","686564","0.0013387465104407682","8543","Electronics"
"Insulated electrical wire","891097920","1.7375717789762162","8544","Electronics"
"Carbon articles for eletrical purposes","269774","0.0005260383607466279","8545","Electronics"
"Electrical insulators of any material","531970","0.001037300209680635","8546","Electronics"
"Insulating fittings for electrical machines","10503870","0.020481731213147607","8547","Electronics"
"Waste and scrap of batteries","90427","0.00017632563125888825","8548","Electronics"
"Self-propelled railway coaches","3295","0.0000064249942494834145","8603","Vehicles"
"Railway service vehicles","4650","0.00000906713907741969","8604","Vehicles"
"Railway cars, not self-propelled","1880","0.000003665854078612692","8606","Vehicles"
"Parts of railway locomotives","38259","0.00007460208042215052","8607","Vehicles"
"Containers for multimodal transportation","6140507","0.01197351203760627","8609","Vehicles"
"Tractors","678526","0.0013230730343323169","8701","Vehicles"
"Buses","79126016","0.15428958961594313","8702","Vehicles"
"Cars","8748016","0.017057952198600578","8703","Vehicles"
"Motor vehicles for transporting goods","1006436","0.0019624720826928953","8704","Vehicles"
"Special purpose motor vehicles","882522","0.0017208494006199096","8705","Vehicles"
"Vehicle chassis fitted with engines","291419","0.0005682444307102298","8706","Vehicles"
"Vehicle Bodies","324204","0.0006321726360119942","8707","Vehicles"
"Parts of motor vehicles","27822222","0.054251173401472216","8708","Vehicles"
"Work trucks","5488145","0.0107014567724829","8709","Vehicles"
"Tanks and other armored fighting vehicles","20418","0.00003981351520059252","8710","Vehicles"
"Motorcycles","990794","0.001931971396789885","8711","Vehicles"
"Bicycles","32453","0.00006328083107086048","8712","Vehicles"
"Parts of motorcycles or wheelchairs","71175","0.0001387857255559885","8714","Vehicles"
"Trailers and semi-trailers","4657116","0.009081014725091716","8716","Vehicles"
"Parts of other aircraft","1969464","0.0038403019346174828","8803","Vehicles"
"Cargo ships and similar vessels","515371","0.00100493344805782","8901","Vehicles"
"Fishing vessels","106017","0.00020672492119802222","8902","Vehicles"
"Pleasure or sport boats","1389190","0.002708812674185088","8903","Vehicles"
"Tugs and pusher craft","814547","0.0015883034266870916","8904","Vehicles"
"Other vessels","599727","0.0011694211005341246","8906","Vehicles"
"Other floating structures","334225","0.0006517128082044293","8907","Vehicles"
"Floating structures for scrapping","5870235","0.011446502615513285","8908","Vehicles"
"Optical fibers","472571","0.0009214767700979141","9001","Machinery"
"Lenses and other optical elements","165440","0.00032259515891791687","9002","Machinery"
"Frames for spectacles, goggles","19348","0.000037727098251594875","9003","Machinery"
"Glasses","103861","0.00020252088854191106","9004","Machinery"
"Binoculars and telescopes","12323","0.000024028893516353298","9005","Machinery"
"Photographic cameras","17025","0.00003319742855764951","9006","Machinery"
"Cinematographic cameras and projectors","133234","0.0002597959586754699","9007","Machinery"
"Still image projectors","162147","0.00031617406451319796","9008","Machinery"
"Apparatus and equipment for photographic laboratories, n.e.c.","449724","0.0008769268934308586","9010","Machinery"
"Optical microscopes","25119","0.0000489801003195065","9011","Machinery"
"Microscopes, other than optical","4359","0.000008499711664187619","9012","Machinery"
"Liquid crystal devices","3946905","0.0076961584000781","9013","Machinery"
"Navigational instruments","505977","0.00098661587719905","9014","Machinery"
"Surveying instruments","1363258","0.0026582472869688197","9015","Machinery"
"Balances of a sensitivity < 50 milligram","47967","0.00009353192690894415","9016","Machinery"
"Drafting tables and machines","27995","0.00005458807709083102","9017","Machinery"
"Medical instruments","27478846","0.053581616853547905","9018","Machinery"
"Therapy applicances","276938","0.0005400076046930009","9019","Machinery"
"Other breathing appliances and gas masks","21477","0.000041878483003385525","9020","Machinery"
"Orthopedic appliances","3487061","0.006799498292138964","9021","Machinery"
"X-ray machines","460555","0.0008980465027529086","9022","Machinery"
"Instruments designed for demonstrational purposes","112720","0.00021979525092618224","9023","Machinery"
"Machines for testing the mechanical properties of materials","114284","0.00022284492953200688","9024","Machinery"
"Thermometers, hydrometers etc.","102817","0.0002004851695748517","9025","Machinery"
"Instruments for measuring properties of liquids or gases","854273","0.0016657660432439897","9026","Machinery"
"Instruments for physical or chemical analysis","736771","0.0014366462634859318","9027","Machinery"
"Gas, liquid or electricity meters","17557440","0.0342356452308498","9028","Machinery"
"Meters","24848","0.00004845167135391924","9029","Machinery"
"Instruments for measuring electricity","933629","0.00182050408380909","9030","Machinery"
"Measuring instruments","1012814","0.001974908687646827","9031","Machinery"
"Automatic regulating instruments","1158881","0.002259728000253593","9032","Machinery"
"Other parts for machines and appliances","53954","0.00010520611221141978","9033","Machinery"
"Watches with precious metal","297321","0.000579752872610215","9101","Machinery"
"Watches","206973","0.00040358128521952375","9102","Machinery"
"Clocks with watch movements","2549","0.000004970352152331783","9103","Machinery"
"Other clocks","26993","0.00005263425486382575","9105","Machinery"
"Apparatus for measuring intervals of time","2369","0.00000461936612352844","9106","Machinery"
"Watch movements, complete","9382","0.000018294171790183127","9108","Machinery"
"Other clock or watch parts","6476","0.00001262769734739138","9114","Machinery"
"Pianos","11522","0.000022467005688178424","9201","Machinery"
"Musical instruments, string","154728","0.00030170759035935354","9202","Machinery"
"Musical instruments, wind","19194","0.000037426810204729794","9205","Machinery"
"Musical instruments, percussion","346251","0.000675162574773257","9206","Machinery"
"Musical instruments, electric","22456","0.00004378745701559926","9207","Machinery"
"Other musical instruments, n.e.c.","20612","0.000040191800142747234","9208","Machinery"
"Parts of musical instruments","347327","0.0006772606912565482","9209","Machinery"
"Revolvers and pistols","20638","0.0000402424981246855","9302","Machinery"
"Other arms (air guns, truncheons, etc.)","8619","0.0000168063810125334","9304","Machinery"
"Parts of military weapons","221492","0.0004318922082872779","9305","Machinery"
"Seats","56310560","0.10980122130051315","9401","Textiles"
"Medical, dental or veterinary furniture","451643","0.0008806687944823788","9402","Textiles"
"Other furniture and parts","249451328","0.48641072774688965","9403","Textiles"
"Mattresses and bedding","3825956","0.007460317237868457","9404","Textiles"
"Lamps","29818236","0.0581432457753382","9405","Textiles"
"Prefabricated buildings","13315936","0.025965041646885945","9406","Textiles"
"Toys","953498","0.0018592470916218324","9503","Machinery"
"Games","156652","0.0003054592410227848","9504","Machinery"
"Christmas and other festivity articles","715967","0.0013960800782457942","9505","Machinery"
"Sports equipment","222338","0.00043354184262265363","9506","Machinery"
"Fishing and hunting equipment","5670","0.0000110560599073053","9507","Machinery"
"Fairground amusements","242560","0.0004729731730363269","9508","Machinery"
"Worked animal carving material","41890","0.00008168224859206685","9601","Machinery"
"Worked vegetable or mineral carving material","638697","0.0012454095757700482","9602","Machinery"
"Brooms and mops","9037497","0.017622417679734024","9603","Machinery"
"Hand sieves and riddles","5423","0.000010574429078891825","9604","Machinery"
"Travel sets","100341","0.00019565716175642348","9605","Machinery"
"Buttons","640750","0.0012494127664207885","9606","Machinery"
"Slide fasteners","3448389","0.006724090893772948","9607","Machinery"
"Pens","1115837","0.0021757955412324203","9608","Machinery"
"Pencils, crayons, pastels, etc.","126097","0.00024587936263341734","9609","Machinery"
"Slates and boards, with writing or drawing surfaces","31512","0.0000614459541091719","9610","Machinery"
"Hand-operated stamps","2846","0.000005549479099857299","9611","Machinery"
"Typewriter ribbons and ink pads","4885","0.000009525370837246276","9612","Machinery"
"Cigarette lighters","108441","0.0002114515330525739","9613","Machinery"
"Smoking pipes","9787762","0.019085376195845917","9614","Machinery"
"Combs, hair-slides etc.","55665","0.00010854242940743378","9615","Machinery"
"Scent sprays","29048","0.00005664134535933057","9616","Machinery"
"Vacuum vessels","283733","0.0005532573272803271","9617","Machinery"
"Mannequins","60245","0.00011747307391809662","9618","Machinery"
"Paintings and drawings","3611224","0.007041606504885127","9701","Textiles"
"Original engravings","429922","0.0008383145304177266","9702","Textiles"
"Sculptures","1553280","0.00302877543788698","9703","Textiles"
"Postage or revenue stamps","23229","0.000045294747017071394","9704","Textiles"
"Collectors pieces","4868831","0.009493842542247825","9705","Textiles"
"Antiques >100 years","15757897","0.030726676057345057","9706","Textiles"
"Commodities not specified according to kind","257752016","0.5025964250660871","9999","Other"
"Travel and tourism","7207500800","14.054067129938428","travel","Services"
"Transport","9785400320","19.080771103154223","transport","Services"
"ICT","4648400384","9.0640199503783","ict","Services"
"Insurance and finance","256300016","0.49976513776707354","financial","Services"